<?xml version="1.0" encoding="UTF-8"?>

<configuration
    version="0.14"
    xmlns:xsi="http://www.w3.org/2001/XMLSchema-instance"
    xsi:noNamespaceSchemaLocation="pamodel.xsd"
  >
    <fb_rate>153.6</fb_rate>
    <delay_srch>
        <initial>
            <correlation_samples>18</correlation_samples>
            <correlation_timeout>2000</correlation_timeout>
            <search_window>27</search_window>
            <min_delay>110</min_delay>
            <training_mode>1</training_mode>
            <training_rel_power>-30.0</training_rel_power>
        </initial>
        <continous>
            <tracking_mode>1</tracking_mode>
            <tracking_window>5</tracking_window>
            <tracking_filter_alpha>0.992</tracking_filter_alpha>
            <tracking_max_differential_variation>0.140625</tracking_max_differential_variation> <!-- 9/64 -->
            <tracking_max_total_variation>1</tracking_max_total_variation>
        </continous>
    </delay_srch>
    <adaption>
        <predistortion_bw>160</predistortion_bw>
        <CA_mode>2</CA_mode> 
        <!-- 0 - disabled, 1 - always on, 2 - only at high power, 3 - only at high power, but first iteration always, 4 - memoryless model based on center efunc, 5 - same as 4 but only 3 efuncs  -->
        <CA_threshold>6.6</CA_threshold>
        <selective_correlation_mode>1</selective_correlation_mode> <!-- 0 all PL, 1 - PL0 disabled -->
        <corr_mixing_mode>0</corr_mixing_mode> <!-- 0 disabled, 1 - enabled-->
        <corr_mixing_threshold>7.3</corr_mixing_threshold>
        <correlation>
            <samples>18</samples>
            <timeout>250</timeout>
            <mix_limit>4</mix_limit>
            <low_power_threshold>7.7</low_power_threshold>
        </correlation>
        <gain>
            <agc_mode>3</agc_mode> <!-- 0 - not filtered, 1 - filtered only, 2 - "MERA" way, 3 - simplified PA model -->
            <agc_gain_target>1.00 0.00</agc_gain_target> <!-- Polar format -->
            <agc_filter_alpha>0.92</agc_filter_alpha>
            <agc_min_power>-5.0</agc_min_power>
            <agc_min_run_count>12</agc_min_run_count>
        </gain>
        <modeling>
            <clip_mode>6</clip_mode>
            <breakoff_mode>1</breakoff_mode>
            <min_breakoff_power>1.4</min_breakoff_power>
            <dynamic_breakoff_power>-2.0</dynamic_breakoff_power>
            <conv_radius>0.25 0.7</conv_radius> <!-- First one is when CA is not active, second one otherwise -->
            <min_headroom>2.0</min_headroom>
        </modeling>
        <taps>
            <tap index = "0"><delay> -2 -2 </delay></tap>
            <tap index = "1"><delay> 1 1 </delay></tap>
            <tap index = "2"><delay> -1 -1 </delay></tap>
            <tap index = "3"><delay> -1 0 </delay></tap>
            <tap index = "4"><delay> 0 -3 </delay></tap>
            <tap index = "5"><delay> 0 -2 </delay></tap>
            <tap index = "6"><delay> 0 -1 </delay></tap>
            <tap index = "7"><delay> 0 1 </delay></tap>
            <tap index = "8"><delay> -2 -8 </delay></tap>
            <tap index = "9"><delay> -6 -6 </delay></tap>
            <tap index = "10"><delay> 1 7 </delay></tap>
            <tap index = "11"><delay> 1 0 </delay></tap>
            <tap index = "12"><delay> 0 3 </delay></tap>
            <tap index = "13"><delay> 0 2 </delay></tap>
            <tap index = "14"><delay> 0 0 </delay></tap>
        </taps>
        <stabilization>
            <factor>
                <EMODs>0 1 2 3 4</EMODs>
                <value>2.5e-08</value>
            </factor>
            <factor>
                <EMODs>5 6 7 8 9 10 11 12 13 14 15 16 17 18</EMODs>
                <value>2.5e-08</value>
            </factor>
            <factor>
                <EMODs>20 21 22 23</EMODs>
                <value>5e-08</value>
            </factor>
            <factor>
                <EMODs>19</EMODs>
                <value>5e-09</value>
            </factor>
        </stabilization>
        <tap_specific>1 1 1 1 1 1 1 1 1 1 1 1 1 1 1 1</tap_specific>
        <nl_map>
            <mode>0</mode>
            <lut>
                0x0000 0x0400 0x0800 0x0C00 0x1000 0x1400 0x1800 0x1C00
                0x2000 0x2400 0x2800 0x2C00 0x3000 0x3400 0x3800 0x3C00
                0x4000 0x4400 0x4800 0x4C00 0x5000 0x5400 0x5800 0x5C00
                0x6000 0x6400 0x6800 0x6C00 0x7000 0x7400 0x7800 0x7C00
            </lut>
        </nl_map>
        <sounding>
            <enabled>1</enabled> <!-- 0 - disabled, 1 - enabled-->
            <soundingTapPairs>
                <soundingTapPair><taps>14 14</taps></soundingTapPair>
                <soundingTapPair><taps>2 10</taps></soundingTapPair>
                <soundingTapPair><taps>1 9</taps></soundingTapPair>
                <soundingTapPair><taps>0 8</taps></soundingTapPair>
                <soundingTapPair><taps>7 6</taps></soundingTapPair>
                <soundingTapPair><taps>5 13</taps></soundingTapPair>
                <soundingTapPair><taps>4 12</taps></soundingTapPair>
                <soundingTapPair><taps>3 11</taps></soundingTapPair>
            </soundingTapPairs>
            <maxPaSoundingIndex>16</maxPaSoundingIndex>
            <mode>SOUNDING_SINE</mode>
            <soundingFunctions>
                <soundingFunction>
                    <EMOD>20</EMOD>
                    <NLID>0</NLID>
                </soundingFunction>
                <soundingFunction>
                    <EMOD>21</EMOD>
                    <NLID>0</NLID>
                </soundingFunction>
                <soundingFunction>
                    <EMOD>22</EMOD>
                    <NLID>0</NLID>
                </soundingFunction>
                <soundingFunction>
                    <EMOD>23</EMOD>
                    <NLID>0</NLID>
                </soundingFunction>
            </soundingFunctions>
            <soundingEMODS>
                <soundingEMOD>
                    <EMOD>19</EMOD>
                </soundingEMOD>
            </soundingEMODS>
        </sounding>
        <EMODs>
            <EMOD id="0">
                <nrOfConfiguredNLIDs>4</nrOfConfiguredNLIDs>
                <NLIDs>
                    <NLID atIndex="0"><lut>0x7FFE 0x7FFE 0x7FFE 0x7FFE 0x7FFE 0x7FFE 0x7FFE 0x7FFE 0x7FFE 0x7FFE 0x7FFE 0x7FFE 0x7FFE 0x7FFE 0x7FFE 0x7FFE 0x7FFE 0x7FFE 0x7FFE 0x7FFE 0x7FFE 0x7FFE 0x7FFE 0x7FFE 0x7FFE 0x7FFE 0x7FFE 0x7FFE 0x7FFE 0x7FFE 0x7FFE 0x7FFE</lut></NLID>
                </NLIDs>
            </EMOD>
            <EMOD id="1">
                <nrOfConfiguredNLIDs>4</nrOfConfiguredNLIDs>
                <NLIDs>
                    <NLID atIndex="2"><lut>0x7FFE 0x7FFE 0x7FFE 0x7FFE 0x7FFE 0x7FFE 0x7FFE 0x7FFE 0x7FFE 0x7FFE 0x7FFE 0x7FFE 0x7FFE 0x7FFE 0x7FFE 0x7FFE 0x7FFE 0x7FFE 0x7FFE 0x7FFE 0x7FFE 0x7FFE 0x7FFE 0x7FFE 0x7FFE 0x7FFE 0x7FFE 0x7FFE 0x7FFE 0x7FFE 0x7FFE 0x7FFE</lut></NLID>
                </NLIDs>
            </EMOD>
            <EMOD id="2">
                <nrOfConfiguredNLIDs>4</nrOfConfiguredNLIDs>
                <NLIDs>
                    <NLID atIndex="14"><lut>0x7FFE 0x7FFE 0x7FFE 0x7FFE 0x7FFE 0x7FFE 0x7FFE 0x7FFE 0x7FFE 0x7FFE 0x7FFE 0x7FFE 0x7FFE 0x7FFE 0x7FFE 0x7FFE 0x7FFE 0x7FFE 0x7FFE 0x7FFE 0x7FFE 0x7FFE 0x7FFE 0x7FFE 0x7FFE 0x7FFE 0x7FFE 0x7FFE 0x7FFE 0x7FFE 0x7FFE 0x7FFE</lut></NLID>
                </NLIDs>
            </EMOD>
            <EMOD id="3">
                <nrOfConfiguredNLIDs>4</nrOfConfiguredNLIDs>
                <NLIDs>
                    <NLID atIndex="10"><lut>0x7FFE 0x7FFE 0x7FFE 0x7FFE 0x7FFE 0x7FFE 0x7FFE 0x7FFE 0x7FFE 0x7FFE 0x7FFE 0x7FFE 0x7FFE 0x7FFE 0x7FFE 0x7FFE 0x7FFE 0x7FFE 0x7FFE 0x7FFE 0x7FFE 0x7FFE 0x7FFE 0x7FFE 0x7FFE 0x7FFE 0x7FFE 0x7FFE 0x7FFE 0x7FFE 0x7FFE 0x7FFE</lut></NLID>
                </NLIDs>
            </EMOD>
            <EMOD id="4">
                <nrOfConfiguredNLIDs>4</nrOfConfiguredNLIDs>
                <NLIDs>
                    <NLID atIndex="9"><lut>0x7FFE 0x7FFE 0x7FFE 0x7FFE 0x7FFE 0x7FFE 0x7FFE 0x7FFE 0x7FFE 0x7FFE 0x7FFE 0x7FFE 0x7FFE 0x7FFE 0x7FFE 0x7FFE 0x7FFE 0x7FFE 0x7FFE 0x7FFE 0x7FFE 0x7FFE 0x7FFE 0x7FFE 0x7FFE 0x7FFE 0x7FFE 0x7FFE 0x7FFE 0x7FFE 0x7FFE 0x7FFE</lut></NLID>
                </NLIDs>
            </EMOD>
            <EMOD id="5">
                <nrOfConfiguredNLIDs>4</nrOfConfiguredNLIDs>
                <NLIDs>
                    <NLID atIndex="14"><lut>0x0 0xFFC1FF4C 0xFF450044 0xFEF500D9 0xFEF1010A 0xFF4800E5 0x7A 0x11CFFD4 0x29EFEFC 0x484FDFB 0x6CCFCDA 0x973FB9C 0xC75FA49 0xFCFF8E3 0x137CF770 0x1779F5F1 0x1BC1F46B 0x2050F2DF 0x2521F150 0x2A30EFBE 0x2F79EE2D 0x34F8EC9D 0x3AA9EB0F 0x4087E985 0x468FE7FF 0x4CBEE67E 0x530FE503 0x597EE38E 0x6009E21F 0x66ACE0B8 0x6D64DF58 0x742EDDFF</lut></NLID>
                </NLIDs>
            </EMOD>
            <EMOD id="6">
                <nrOfConfiguredNLIDs>4</nrOfConfiguredNLIDs>
                <NLIDs>
                    <NLID atIndex="14"><lut>0x0 0x226FE48 0x374FFBF 0x4120133 0x4120270 0x3810367 0x26C0415 0xDD047B 0xFEDD049D 0xFC73047E 0xF9A70422 0xF680038C 0xF30602C0 0xEF3D01C3 0xEB2D0097 0xE6DBFF40 0xE24BFDC1 0xDD83FC1C 0xD888FA55 0xD35EF86F 0xCE0AF66C 0xC88FF44F 0xC2F1F21A 0xBD35EFCE 0xB75DED70 0xB16EEAFF 0xAB69E87F 0xA553E5F1 0x9F2EE357 0x98FDE0B1 0x92C2DE03 0x8C80DB4D</lut></NLID>
                </NLIDs>
            </EMOD>
            <EMOD id="7">
                <nrOfConfiguredNLIDs>4</nrOfConfiguredNLIDs>
                <NLIDs>
                    <NLID atIndex="14"><lut>0x0 0x198FFC8 0x342FD75 0x4F3FAA1 0x6A6F77E 0x85BF423 0xA0FF09C 0xBC2ECF4 0xD73E930 0xF20E555 0x10CBE169 0x1272DD6E 0x1414D968 0x15B2D558 0x174CD142 0x18E0CD27 0x1A6FC909 0x1BF9C4EB 0x1D7EC0CC 0x1EFDBCAF 0x2077B895 0x21EAB47E 0x2359B06D 0x24C1AC62 0x2623A85D 0x2780A460 0x28D6A06B 0x2A279C7F 0x2B72989D 0x2CB694C5 0x2DF590F8 0x2F2E8D36</lut></NLID>
                </NLIDs>
            </EMOD>
            <EMOD id="8">
                <nrOfConfiguredNLIDs>4</nrOfConfiguredNLIDs>
                <NLIDs>
                    <NLID atIndex="2"><lut>0x0 0x28FFBEA 0x4F5FDC6 0x7650114 0x9F0050C 0xC9D0947 0xF6F0D8C 0x126A11B4 0x158C15A7 0x18D51952 0x1C451CAA 0x1FDA1FA7 0x23932243 0x276D247A 0x2B67264C 0x2F7F27B9 0x33B228C0 0x37FF2964 0x3C6429A6 0x40DE2989 0x456B2910 0x4A0A283F 0x4EB92719 0x537625A1 0x583E23DB 0x5D1021CB 0x61EB1F75 0x66CD1CDC 0x6BB31A05 0x709D16F3 0x758913AB 0x7A76102F</lut></NLID>
                </NLIDs>
            </EMOD>
            <EMOD id="9">
                <nrOfConfiguredNLIDs>4</nrOfConfiguredNLIDs>
                <NLIDs>
                    <NLID atIndex="10"><lut>0x0 0x312FD74 0x56AFCD6 0x768FC41 0x930FBCF 0xAD4FB98 0xC61FBAC 0xDE0FC19 0xF57FCE4 0x10CAFE13 0x123CFFA7 0x13B001A2 0x15280403 0x16A506C9 0x182909F1 0x19B20D78 0x1B43115B 0x1CDC1596 0x1E7B1A25 0x20221F05 0x21D02430 0x238529A3 0x25402F59 0x2702354E 0x28C93B7E 0x2A9641E4 0x2C67487D 0x2E3C4F43 0x30155634 0x31F25D4A 0x33D16483 0x35B26BDA</lut></NLID>
                </NLIDs>
            </EMOD>
            <EMOD id="10">
                <nrOfConfiguredNLIDs>4</nrOfConfiguredNLIDs>
                <NLIDs>
                    <NLID atIndex="6"><lut>0x0 0x38 0xE0 0x1EF 0x361 0x52E 0x753 0x9C9 0xC8B 0xF95 0x12E1 0x166B 0x1A30 0x1E29 0x2255 0x26AE 0x2B31 0x2FDB 0x34A7 0x3994 0x3E9D 0x43C0 0x48F9 0x4E47 0x53A6 0x5914 0x5E8F 0x6414 0x69A1 0x6F34 0x74CC 0x7A65</lut></NLID>
                </NLIDs>
            </EMOD>
            <EMOD id="11">
                <nrOfConfiguredNLIDs>4</nrOfConfiguredNLIDs>
                <NLIDs>
                    <NLID atIndex="7"><lut>0x0 0xFF450023 0xFF75FF80 0xFFA5FEF5 0xFFC3FE90 0xFFCCFE55 0xFFBDFE41 0xFF96FE54 0xFF59FE8B 0xFF05FEE4 0xFE9DFF5D 0xFE22FFF3 0xFD9300A4 0xFCF40171 0xFC440255 0xFB85034F 0xFAB8045E 0xF9DE0580 0xF8F806B4 0xF80707F7 0xF70C094A 0xF6080AA9 0xF4FB0C15 0xF3E70D8C 0xF2CB0F0C 0xF1AA1096 0xF0831227 0xEF5813BF 0xEE28155D 0xECF51700 0xEBBF18A7 0xEA871A51</lut></NLID>
                </NLIDs>
            </EMOD>
            <EMOD id="12">
                <nrOfConfiguredNLIDs>4</nrOfConfiguredNLIDs>
                <NLIDs>
                    <NLID atIndex="1"><lut>0x0 0x1A2A 0x24D4 0x2CE5 0x3399 0x396B 0x3E9B 0x434E 0x479E 0x4B9B 0x4F53 0x52CE 0x5615 0x592E 0x5C1D 0x5EE7 0x618E 0x6416 0x6682 0x68D3 0x6B0B 0x6D2D 0x6F39 0x7130 0x7315 0x74E8 0x76AA 0x785C 0x79FF 0x7B93 0x7D19 0x7E92</lut></NLID>
                </NLIDs>
            </EMOD>
            <EMOD id="13">
                <nrOfConfiguredNLIDs>4</nrOfConfiguredNLIDs>
                <NLIDs>
                    <NLID atIndex="5"><lut>0x0 0x11209B5 0x2FF0CCC 0x56E0E8F 0x83F0F90 0xB5D100B 0xEBB1020 0x124E0FE4 0x160E0F68 0x19F30EB5 0x1DF80DD4 0x22180CCB 0x264E0BA1 0x2A960A59 0x2EEE08F9 0x33520782 0x37BF05F8 0x3C34045E 0x40AD02B6 0x45290101 0x49A6FF43 0x4E23FD7C 0x529DFBAD 0x5714F9D9 0x5B85F800 0x5FF1F623 0x6456F444 0x68B2F263 0x6D06F081 0x714FEEA0 0x758EECBF 0x79C2EADF</lut></NLID>
                </NLIDs>
            </EMOD>
            <EMOD id="14">
                <nrOfConfiguredNLIDs>4</nrOfConfiguredNLIDs>
                <NLIDs>
                    <NLID atIndex="13"><lut>0x0 0x117 0x30C 0x585 0x862 0xB8E 0xEFA 0x129C 0x166B 0x1A61 0x1E77 0x22A8 0x26F0 0x2B4B 0x2FB5 0x342B 0x38AB 0x3D33 0x41BF 0x464E 0x4ADE 0x4F6E 0x53FB 0x5884 0x5D09 0x6187 0x65FE 0x6A6D 0x6ED3 0x732F 0x7780 0x7BC6</lut></NLID>
                </NLIDs>
            </EMOD>
            <EMOD id="15">
                <nrOfConfiguredNLIDs>4</nrOfConfiguredNLIDs>
                <NLIDs>
                    <NLID atIndex="4"><lut>0x0 0x558 0xA98 0xFBF 0x14CD 0x19C2 0x1E9F 0x2364 0x2812 0x2CA9 0x3129 0x3592 0x39E5 0x3E23 0x424A 0x465D 0x4A5A 0x4E43 0x5218 0x55D9 0x5986 0x5D1F 0x60A5 0x6418 0x6779 0x6AC7 0x6E04 0x712E 0x7447 0x774E 0x7A44 0x7D2A</lut></NLID>
                </NLIDs>
            </EMOD>
            <EMOD id="16">
                <nrOfConfiguredNLIDs>4</nrOfConfiguredNLIDs>
                <NLIDs>
                    <NLID atIndex="12"><lut>0x0 0x558 0xA98 0xFBF 0x14CD 0x19C2 0x1E9F 0x2364 0x2812 0x2CA9 0x3129 0x3592 0x39E5 0x3E23 0x424A 0x465D 0x4A5A 0x4E43 0x5218 0x55D9 0x5986 0x5D1F 0x60A5 0x6418 0x6779 0x6AC7 0x6E04 0x712E 0x7447 0x774E 0x7A44 0x7D2A</lut></NLID>
                </NLIDs>
            </EMOD>
            <EMOD id="17">
                <nrOfConfiguredNLIDs>4</nrOfConfiguredNLIDs>
                <NLIDs>
                    <NLID atIndex="3"><lut>0x0 0x1A2A 0x24D4 0x2CE5 0x3399 0x396B 0x3E9B 0x434E 0x479E 0x4B9B 0x4F53 0x52CE 0x5615 0x592E 0x5C1D 0x5EE7 0x618E 0x6416 0x6682 0x68D3 0x6B0B 0x6D2D 0x6F39 0x7130 0x7315 0x74E8 0x76AA 0x785C 0x79FF 0x7B93 0x7D19 0x7E92</lut></NLID>
                </NLIDs>
            </EMOD>
            <EMOD id="18">
                <nrOfConfiguredNLIDs>4</nrOfConfiguredNLIDs>
                <NLIDs>
                    <NLID atIndex="11"><lut>0x0 0x1A2A 0x24D4 0x2CE5 0x3399 0x396B 0x3E9B 0x434E 0x479E 0x4B9B 0x4F53 0x52CE 0x5615 0x592E 0x5C1D 0x5EE7 0x618E 0x6416 0x6682 0x68D3 0x6B0B 0x6D2D 0x6F39 0x7130 0x7315 0x74E8 0x76AA 0x785C 0x79FF 0x7B93 0x7D19 0x7E92</lut></NLID>
                </NLIDs>
            </EMOD>
            <EMOD id="19">
                <nrOfConfiguredNLIDs>16</nrOfConfiguredNLIDs>
                <NLIDs>
                    <NLID atIndex="0"><lut>0x0 0x0 0x0 0x0 0x0 0x0 0x0 0x0 0x0 0x0 0x0 0x0 0x0 0x0 0x0 0x0 0x0 0x0 0x0 0x0 0x0 0x0 0x0 0x0 0x0 0x0 0x0 0x0 0x0 0x0 0x0 0x0</lut></NLID>
                    <NLID atIndex="1"><lut>0x0 0x0 0x0 0x0 0x0 0x0 0x0 0x0 0x0 0x0 0x0 0x0 0x0 0x0 0x0 0x0 0x0 0x0 0x0 0x0 0x0 0x0 0x0 0x0 0x0 0x0 0x0 0x0 0x0 0x0 0x0 0x0</lut></NLID>
                    <NLID atIndex="2"><lut>0x0 0x0 0x0 0x0 0x0 0x0 0x0 0x0 0x0 0x0 0x0 0x0 0x0 0x0 0x0 0x0 0x0 0x0 0x0 0x0 0x0 0x0 0x0 0x0 0x0 0x0 0x0 0x0 0x0 0x0 0x0 0x0</lut></NLID>
                    <NLID atIndex="3"><lut>0x0 0x0 0x0 0x0 0x0 0x0 0x0 0x0 0x0 0x0 0x0 0x0 0x0 0x0 0x0 0x0 0x0 0x0 0x0 0x0 0x0 0x0 0x0 0x0 0x0 0x0 0x0 0x0 0x0 0x0 0x0 0x0</lut></NLID>
                    <NLID atIndex="4"><lut>0x0 0x0 0x0 0x0 0x0 0x0 0x0 0x0 0x0 0x0 0x0 0x0 0x0 0x0 0x0 0x0 0x0 0x0 0x0 0x0 0x0 0x0 0x0 0x0 0x0 0x0 0x0 0x0 0x0 0x0 0x0 0x0</lut></NLID>
                    <NLID atIndex="5"><lut>0x0 0x0 0x0 0x0 0x0 0x0 0x0 0x0 0x0 0x0 0x0 0x0 0x0 0x0 0x0 0x0 0x0 0x0 0x0 0x0 0x0 0x0 0x0 0x0 0x0 0x0 0x0 0x0 0x0 0x0 0x0 0x0</lut></NLID>
                    <NLID atIndex="6"><lut>0x0 0x0 0x0 0x0 0x0 0x0 0x0 0x0 0x0 0x0 0x0 0x0 0x0 0x0 0x0 0x0 0x0 0x0 0x0 0x0 0x0 0x0 0x0 0x0 0x0 0x0 0x0 0x0 0x0 0x0 0x0 0x0</lut></NLID>
                    <NLID atIndex="7"><lut>0x0 0x0 0x0 0x0 0x0 0x0 0x0 0x0 0x0 0x0 0x0 0x0 0x0 0x0 0x0 0x0 0x0 0x0 0x0 0x0 0x0 0x0 0x0 0x0 0x0 0x0 0x0 0x0 0x0 0x0 0x0 0x0</lut></NLID>
                    <NLID atIndex="8"><lut>0x0 0x0 0x0 0x0 0x0 0x0 0x0 0x0 0x0 0x0 0x0 0x0 0x0 0x0 0x0 0x0 0x0 0x0 0x0 0x0 0x0 0x0 0x0 0x0 0x0 0x0 0x0 0x0 0x0 0x0 0x0 0x0</lut></NLID>
                    <NLID atIndex="9"><lut>0x0 0x0 0x0 0x0 0x0 0x0 0x0 0x0 0x0 0x0 0x0 0x0 0x0 0x0 0x0 0x0 0x0 0x0 0x0 0x0 0x0 0x0 0x0 0x0 0x0 0x0 0x0 0x0 0x0 0x0 0x0 0x0</lut></NLID>
                    <NLID atIndex="10"><lut>0x0 0x0 0x0 0x0 0x0 0x0 0x0 0x0 0x0 0x0 0x0 0x0 0x0 0x0 0x0 0x0 0x0 0x0 0x0 0x0 0x0 0x0 0x0 0x0 0x0 0x0 0x0 0x0 0x0 0x0 0x0 0x0</lut></NLID>
                    <NLID atIndex="11"><lut>0x0 0x0 0x0 0x0 0x0 0x0 0x0 0x0 0x0 0x0 0x0 0x0 0x0 0x0 0x0 0x0 0x0 0x0 0x0 0x0 0x0 0x0 0x0 0x0 0x0 0x0 0x0 0x0 0x0 0x0 0x0 0x0</lut></NLID>
                    <NLID atIndex="12"><lut>0x0 0x0 0x0 0x0 0x0 0x0 0x0 0x0 0x0 0x0 0x0 0x0 0x0 0x0 0x0 0x0 0x0 0x0 0x0 0x0 0x0 0x0 0x0 0x0 0x0 0x0 0x0 0x0 0x0 0x0 0x0 0x0</lut></NLID>
                    <NLID atIndex="13"><lut>0x0 0x0 0x0 0x0 0x0 0x0 0x0 0x0 0x0 0x0 0x0 0x0 0x0 0x0 0x0 0x0 0x0 0x0 0x0 0x0 0x0 0x0 0x0 0x0 0x0 0x0 0x0 0x0 0x0 0x0 0x0 0x0</lut></NLID>
                    <NLID atIndex="14"><lut>0x0 0x3B4F97C 0xFF34F824 0xF9ACF758 0xF38CF650 0xEFC8F4F4 0xED74F380 0xEC10F264 0xEA9CF1F0 0xE9ACF190 0xE8C8F0D4 0xE874F010 0xE820EEC0 0xE850EE54 0xE860ED10 0xE7C8EC88 0xE844EB5C 0xE7C4EA00 0xE714E8C0 0xE6ECE788 0xE724E67C 0xE850E468 0xE9E0E2FC 0xEBF8E218 0xEF58E190 0xF2E0E0B4 0xF770DF98 0xFB78DF10 0xFF18DE10 0x1E0DE90 0x3D8DE70 0x748DE6C</lut></NLID>
                </NLIDs>
            </EMOD>
            <EMOD id="20">
                <nrOfConfiguredNLIDs>4</nrOfConfiguredNLIDs>
                <NLIDs>
                    <NLID atIndex="1"><lut>0x0 0x1A2A 0x24D4 0x2CE5 0x3399 0x396B 0x3E9B 0x434E 0x479E 0x4B9B 0x4F53 0x52CE 0x5615 0x592E 0x5C1D 0x5EE7 0x618E 0x6416 0x6682 0x68D3 0x6B0B 0x6D2D 0x6F39 0x7130 0x7315 0x74E8 0x76AA 0x785C 0x79FF 0x7B93 0x7D19 0x7E92</lut></NLID>
                </NLIDs>
            </EMOD>
            <EMOD id="21">
                <nrOfConfiguredNLIDs>4</nrOfConfiguredNLIDs>
                <NLIDs>
                    <NLID atIndex="9"><lut>0x0 0x1A2A 0x24D4 0x2CE5 0x3399 0x396B 0x3E9B 0x434E 0x479E 0x4B9B 0x4F53 0x52CE 0x5615 0x592E 0x5C1D 0x5EE7 0x618E 0x6416 0x6682 0x68D3 0x6B0B 0x6D2D 0x6F39 0x7130 0x7315 0x74E8 0x76AA 0x785C 0x79FF 0x7B93 0x7D19 0x7E92</lut></NLID>
                </NLIDs>
            </EMOD>
            <EMOD id="22">
                <nrOfConfiguredNLIDs>4</nrOfConfiguredNLIDs>
                <NLIDs>
                    <NLID atIndex="14"><lut>0x0 0xC8B 0x18F8 0x2527 0x30FB 0x3C56 0x471C 0x5133 0x5A81 0x62F1 0x6A6D 0x70E2 0x7641 0x7A7C 0x7D89 0x7F61 0x7FFE 0x7F61 0x7D89 0x7A7C 0x7641 0x70E2 0x6A6D 0x62F1 0x5A81 0x5133 0x471C 0x3C56 0x30FB 0x2527 0x18F8 0xC8B</lut></NLID>
                </NLIDs>
            </EMOD>
            <EMOD id="23">
                <nrOfConfiguredNLIDs>4</nrOfConfiguredNLIDs>
                <NLIDs>
                    <NLID atIndex="14"><lut>0x0 0x7641 0x5A81 0xCF04 0x8001 0xCF04 0x5A81 0x7641 0x0 0x89BE 0xA57E 0x30FB 0x7FFE 0x30FB 0xA57E 0x89BE 0x0 0x7641 0x5A81 0xCF04 0x8001 0xCF04 0x5A81 0x7641 0x0 0x89BE 0xA57E 0x30FB 0x7FFE 0x30FB 0xA57E 0x89BE</lut></NLID>
                </NLIDs>
            </EMOD>
        </EMODs>
    </adaption>
    <nl_clip>
        <mode>0</mode>
    </nl_clip>
    <tx_equalizer>
       <mode>0</mode>
       <lut>
           0x0000 0x0000 0x0000 0x7FFF 0x0000 0x0000 0x0000 0x0000
           0x0000 0x0000 0x0000 0x0000 0x0000 0x0000 0x0000 0x0000
       </lut>
    </tx_equalizer>
</configuration>
