<?xml version="1.0" encoding="UTF-8"?>

<configuration 
    version="1.3"
    xmlns:xsi="http://www.w3.org/2001/XMLSchema-instance"
    xsi:noNamespaceSchemaLocation="gaincontrol.xsd"
  >
    <gain_control generation="*" variant="*" revision="*" paId="*">
        <configurationId>0</configurationId>
        <mode>1</mode>
        <threshold_fb_pow>0x100</threshold_fb_pow>
        <threshold_tx_pow>0x100</threshold_tx_pow>
        <tx_dead_alarm_thresh>0x1300</tx_dead_alarm_thresh>
        <fb_dead_alarm_thresh>0x0200</fb_dead_alarm_thresh>
        <offset_start_up>400</offset_start_up>
        <num_accum_samples>0x20</num_accum_samples>
        <meas_period>0</meas_period>
        <gain_max>0xFF5F</gain_max>
        <gain_min>0xA0</gain_min> 
        <adjust_mode_sel>0</adjust_mode_sel>
        <adjust_step_init>160</adjust_step_init>
        <adjust_step_rt>16</adjust_step_rt>
        <adjust_step_mult>0x20</adjust_step_mult>
        <fb_data_14bits>0</fb_data_14bits>
        <tx_buf_delay>0xBC</tx_buf_delay>
        <zero_append_sel>0x1</zero_append_sel>
        <spi_clk_config>0x4</spi_clk_config>
        <spi_clk_inv>0x1</spi_clk_inv>
        <dac_gain_ctrl_en>0</dac_gain_ctrl_en>
        <temp_change>2</temp_change>
        <vva_slope>-100</vva_slope>
        <dG_tx_dT>0.0</dG_tx_dT>
        <dG_pa_dT_pa>-0.06888</dG_pa_dT_pa>
        <dG_pa_dV_pa>0.2</dG_pa_dV_pa>
        <stabilization_time>50</stabilization_time>
        <iqdata_dead_waiting_time>300</iqdata_dead_waiting_time>
        <gc_run_time>1000</gc_run_time>
        <post_comb_gain>-1.0</post_comb_gain>
    </gain_control>
    <!-- Rel3 configs -->
    <gain_control generation="*" variant="FXED FXEDAD1 FXDD FXEE FXEF" revision="*" paId="*">
        <configurationId>0</configurationId>
        <mode>1</mode>
        <threshold_fb_pow>0x100</threshold_fb_pow>
        <threshold_tx_pow>0x100</threshold_tx_pow>
        <tx_dead_alarm_thresh>0x20</tx_dead_alarm_thresh>
        <fb_dead_alarm_thresh>0x20</fb_dead_alarm_thresh>
        <offset_start_up>240</offset_start_up>
        <num_accum_samples>0x11A</num_accum_samples>
        <meas_period>0</meas_period>
        <gain_max>0xFF5F</gain_max>
        <gain_min>0xA0</gain_min> 
        <adjust_mode_sel>0</adjust_mode_sel>
        <adjust_step_init>160</adjust_step_init>
        <adjust_step_rt>4</adjust_step_rt>
        <adjust_step_mult>0x20</adjust_step_mult>
        <fb_data_14bits>0</fb_data_14bits>
        <tx_buf_delay>0xBC</tx_buf_delay>
        <zero_append_sel>0x1</zero_append_sel>
        <spi_clk_config>0x4</spi_clk_config>
        <spi_clk_inv>0x1</spi_clk_inv>
        <dac_gain_ctrl_en>0</dac_gain_ctrl_en>
        <temp_change>2</temp_change>
        <vva_slope>-80</vva_slope>
        <dG_tx_dT>0.0</dG_tx_dT>
        <dG_pa_dT_pa>-0.06888</dG_pa_dT_pa>
        <dG_pa_dV_pa>0.2</dG_pa_dV_pa>
        <stabilization_time>50</stabilization_time>
        <iqdata_dead_waiting_time>300</iqdata_dead_waiting_time>
        <gc_run_time>1000</gc_run_time>
        <post_comb_gain>-0.7</post_comb_gain>
    </gain_control>
</configuration>