<history>
    <log_pipe> 1 2 </log_pipe>
    <log_enable>
        <enable log="delay" enabled="TRUE" />
        <enable log="dpd" enabled="TRUE" />
        <enable log="gc" enabled="TRUE" />
        <enable log="vswr" enabled="TRUE" />
        <enable log="null_lo" enabled="TRUE" />
        <enable log="measure" enabled="FALSE" />        
    </log_enable>
    <log_gating>
        <gating log="delay">
            <capture_set> 2 </capture_set>
            <captures>
                <capture num="1">
                    <vars_gate>
                        <var_gate name="run_cnt">
                            <gate> TRUE </gate>
                            <start> 0 </start>
                            <stop> 319 </stop>
                            <interval> 1 </interval>
                        </var_gate>
                        <var_gate name="delay">
                            <gate> FALSE </gate>
                            <threshold> 0.01 </threshold>
                        </var_gate>
                    </vars_gate>
                </capture>
                <capture num="2">
                    <vars_gate>
                        <var_gate name="run_cnt">
                            <gate> TRUE </gate>
                            <start> 320 </start>
                            <stop> 639 </stop>
                            <interval> 1 </interval>
                        </var_gate>
                        <var_gate name="delay">
                            <gate> FALSE </gate>
                            <threshold> 0.01 </threshold>
                        </var_gate>
                    </vars_gate>
                </capture>
            </captures>
        </gating>
        <gating log="dpd">
            <capture_set> 1 2 </capture_set>
            <captures>
                <capture num="1">
                    <vars_gate>
                        <var_gate name="run_cnt">
                            <gate> TRUE </gate>
                            <start> 1 </start>
                            <stop> 319 </stop>
                            <interval> 1 </interval>
                        </var_gate>
                        <var_gate name="mse">
                            <gate> TRUE </gate>
                            <threshold> 0.0005 </threshold>
                        </var_gate>
                    </vars_gate>
                </capture>
                <capture num="2">
                    <vars_gate>
                        <var_gate name="run_cnt">
                            <gate> TRUE </gate>
                            <start> 320 </start>
                            <stop> 32319 </stop>
                            <interval> 160 </interval>
                        </var_gate>
                        <var_gate name="mse">
                            <gate> TRUE </gate>
                            <threshold> 0.0002 </threshold>
                        </var_gate>
                    </vars_gate>
                </capture>    
            </captures>
        </gating>
        <gating log="gc">
            <capture_set> 2 </capture_set>
            <captures>
                <capture num="1">
                    <vars_gate>
                        <var_gate name="run_cnt">
                            <gate> TRUE </gate>
                            <start> 0 </start>
                            <stop> 319 </stop>
                            <interval> 2 </interval>
                        </var_gate>
                    </vars_gate>
                </capture>
                <capture num="2">
                    <vars_gate>
                        <var_gate name="run_cnt">
                            <gate> FALSE </gate>
                            <start> 320 </start>
                            <stop> 639 </stop>
                            <interval> 4 </interval>
                        </var_gate>
                    </vars_gate>
                </capture>
            </captures>
        </gating>
        <gating log="vswr">
            <capture_set> 2 </capture_set>
            <captures>
                <capture num="1">
                    <vars_gate>
                        <var_gate name="run_cnt">
                            <gate> TRUE </gate>
                            <start> 0 </start>
                            <stop> 319 </stop>
                            <interval> 2 </interval>
                        </var_gate>
                    </vars_gate>
                </capture>
                <capture num="2">
                    <vars_gate>
                        <var_gate name="run_cnt">
                            <gate> FALSE </gate>
                            <start> 320 </start>
                            <stop> 639 </stop>
                            <interval> 4 </interval>
                        </var_gate>
                    </vars_gate>
                </capture>
            </captures>
        </gating>
        <gating log="null_lo">
            <capture_set> 2 </capture_set>
            <captures>
                <capture num="1">
                    <vars_gate>
                        <var_gate name="run_cnt">
                            <gate> TRUE </gate>
                            <start> 0 </start>
                            <stop> 319 </stop>
                            <interval> 2 </interval>
                        </var_gate>
                    </vars_gate>
                </capture>
                <capture num="2">
                    <vars_gate>
                        <var_gate name="run_cnt">
                            <gate> FALSE </gate>
                            <start> 320 </start>
                            <stop> 639 </stop>
                            <interval> 4 </interval>
                        </var_gate>
                    </vars_gate>
                </capture>
            </captures>
        </gating>
        <gating log="measure">
            <capture_set> </capture_set>
            <captures>
                <capture num="1">
                    <vars_gate>
                        <var_gate name="run_cnt">
                            <gate> TRUE </gate>
                            <start> 0 </start>
                            <stop> 319 </stop>
                            <interval> 2 </interval>
                        </var_gate>
                    </vars_gate>
                </capture>
                <capture num="2">
                    <vars_gate>
                        <var_gate name="run_cnt">
                            <gate> FALSE </gate>
                            <start> 320 </start>
                            <stop> 639 </stop>
                            <interval> 4 </interval>
                        </var_gate>
                    </vars_gate>
                </capture>
            </captures>
        </gating>
    </log_gating>
    <log_definition>
        <definition name="delay">
            <vars_def>
                <var_def name="status" enabled="FALSE" />
                <var_def name="delay" enabled="FALSE" />
                <var_def name="corr_pzz" enabled="FALSE" />
            </vars_def>
        </definition>
        <definition name="dpd">
            <vars_def>
                <var_def name="status" enabled="TRUE" />
                <var_def name="adapt_cnt" enabled="TRUE" />
                <var_def name="alive_cnt" enabled="TRUE" />
                <var_def name="ab_cnt" enabled="TRUE" />
                <var_def name="corr_pltl" enabled="TRUE" />
                <var_def name="corr_pxx" enabled="FALSE" />
                <var_def name="corr_pzz" enabled="TRUE" />
                <var_def name="mse" enabled="TRUE" />
                <var_def name="gain" enabled="TRUE" />
                <var_def name="clip_index" enabled="TRUE" />
            </vars_def>            
        </definition>
        <definition name="gc">
            <vars_def>        
                <var_def name="status" enabled="TRUE" />
                <var_def name="vva_gain" enabled="TRUE" />
                <var_def name="tx_power" enabled="TRUE" />
                <var_def name="fb_power" enabled="TRUE" />
                <var_def name="temperature" enabled="TRUE" />
                <var_def name="gain_target" enabled="TRUE" />
                <var_def name="gain_value" enabled="TRUE" />
            </vars_def>            
        </definition>
        <definition name="vswr">
            <vars_def>        
                <var_def name="status" enabled="TRUE" />
                <var_def name="fwd_vswr" enabled="TRUE" />
                <var_def name="rev_vswr" enabled="TRUE" />
            </vars_def>            
        </definition>
        <definition name="null_lo">
            <vars_def>        
                <var_def name="status" enabled="TRUE" />
                <var_def name="offset" enabled="TRUE" />
            </vars_def>            
        </definition>
        <definition name="measure">
            <vars_def>        
                <var_def name="status" enabled="TRUE" />
            </vars_def>            
        </definition>
    </log_definition>
</history>
