<?xml version="1.0" encoding="UTF-8"?>

<configuration 
    version="1.9" 
    xmlns:xsi="http://www.w3.org/2001/XMLSchema-instance" 
    xsi:noNamespaceSchemaLocation="nulling.xsd"
  >
    <nulling generation="*" variant="*" revision="*" paId="*">
    	<configurationId>0</configurationId>
        <supported>1</supported>
        <configuration>
            <average>5</average>
            <tempDelta>10</tempDelta>
            <automatic>1</automatic> <!-- MODIFIED -->
            <treshold>80.0</treshold>
            <loSpikeOffset>1.0e6</loSpikeOffset>
            <searchRange>33</searchRange>
            <fbSamplingRate>76.8e6</fbSamplingRate>
            <ifOffset>-153.6e6</ifOffset>
            <fbDemodulator variant="SKY73208">
                <F_step>0.1e6</F_step>
                <F_ref>153.6e6</F_ref>
                <F_vco_min>2800e6</F_vco_min>
                <F_vco_max>6200e6</F_vco_max>
                <lo_locked_gpio_pin>4</lo_locked_gpio_pin>
                <spi>
                    <busClock>1000</busClock>
                    <gpioNum>36</gpioNum>
                    <phase>1</phase>
                    <polarity>0</polarity>
                    <spiCtrl>0</spiCtrl>
                    <shiftDir>0</shiftDir> <!-- 0 = MSB first, 1 = LSB first -->
                </spi>
                <NullingRegisters>
                    <Register address="3" value="0x9340"/>
                    <Register address="0" value="0x8068"/>
                    <Register address="1" value="0x1a7e"/>
                    <Register address="7" value="0x0000"/>
                    <Register address="4" value="0x3800"/>
                    <Register address="5" value="0x0000"/>
                    <Register address="6" value="0x3154"/>
                    <Register address="2" value="0x0000"/>
                </NullingRegisters>
                <DefaultRegisters>
                    <Register address="3" value="0x9344"/>
                    <Register address="0" value="0x8068"/>
                    <Register address="1" value="0x1ab2"/>
                    <Register address="7" value="0xd000"/>
                    <Register address="4" value="0x1830"/>
                    <Register address="5" value="0x873d"/>
                    <Register address="6" value="0x3154"/>
                    <Register address="2" value="0x0bb8"/>
                </DefaultRegisters>
            </fbDemodulator>
            <TxDcOffsetControllers>
                <TxDcOffsetController index="0" variant="TRF3720">
                    <spi>
                        <busClock>488</busClock>
                        <gpioNum>34</gpioNum>
                        <phase>1</phase>
                        <polarity>0</polarity>
                        <spiCtrl>0</spiCtrl>
                        <shiftDir>1</shiftDir> <!-- 0 = MSB first, 1 = LSB first -->
                    </spi>
                    <offset_min>0</offset_min>
                    <offset_max>255</offset_max>
                    <offset_center>128</offset_center>
                </TxDcOffsetController>
                <TxDcOffsetController index="1" variant="TRF3720">
                    <spi>
                        <busClock>488</busClock>
                        <gpioNum>22</gpioNum>
                        <phase>1</phase>
                        <polarity>0</polarity>
                        <spiCtrl>1</spiCtrl>
                        <shiftDir>1</shiftDir> <!-- 0 = MSB first, 1 = LSB first -->
                    </spi>
                    <offset_min>0</offset_min>
                    <offset_max>255</offset_max>
                    <offset_center>128</offset_center>
                </TxDcOffsetController>
            </TxDcOffsetControllers>
            <TxModulators>
                <TxModulator index="0" variant="TRF3720">
                    <spi>
                        <busClock>488</busClock>
                        <gpioNum>34</gpioNum>
                        <phase>1</phase>
                        <polarity>0</polarity>
                        <spiCtrl>0</spiCtrl>
                        <shiftDir>1</shiftDir> <!-- 0 = MSB first, 1 = LSB first -->
                    </spi>
                </TxModulator>
                <TxModulator index="1" variant="TRF3720">
                    <spi>
                        <busClock>488</busClock>
                        <gpioNum>22</gpioNum>
                        <phase>1</phase>
                        <polarity>0</polarity>
                        <spiCtrl>1</spiCtrl>
                        <shiftDir>1</shiftDir> <!-- 0 = MSB first, 1 = LSB first -->
                    </spi>
                </TxModulator>
            </TxModulators>
        </configuration>
    </nulling>
    
    <nulling generation="*" variant="FXED FXEDAD1 FRSA FXDD" revision="*" paId="*">
    	<configurationId>0</configurationId>
        <supported>1</supported>
        <configuration>
            <average>5</average>
            <tempDelta>10</tempDelta>
            <automatic>1</automatic> 
            <treshold>80.0</treshold>
            <loSpikeOffset>9e5</loSpikeOffset>
            <searchRange>330</searchRange>
            <fbSamplingRate>153.6e6</fbSamplingRate>
            <ifOffset>153.6e6</ifOffset>
            <fbDemodulator variant="ADRF6602">
                <F_step>0.1e6</F_step>
                <F_ref>153.6e6</F_ref>
                <F_vco_min>3100e6</F_vco_min>
                <F_vco_max>4300e6</F_vco_max>
                <lo_locked_gpio_pin>4</lo_locked_gpio_pin>
                <spi>
                    <busClock>1000</busClock>
                    <gpioNum>36</gpioNum>
                    <phase>1</phase>
                    <polarity>0</polarity>
                    <spiCtrl>0</spiCtrl>
                    <shiftDir>0</shiftDir> 
                </spi>
                <NullingRegisters>
                    <Register address="5" value="0x0000E5"/>
                    <Register address="7" value="0x000007"/>
                    <Register address="6" value="0x1EFD06"/>
                    <Register address="4" value="0x1AA7A4"/>
                    <Register address="3" value="0x70000B"/>
                    <Register address="2" value="0x000002"/>
                    <Register address="1" value="0x000001"/>
                    <Register address="0" value="0x000000"/>
                </NullingRegisters>
                <DefaultRegisters>
                    <Register address="5" value="0x000095"/>
                    <Register address="7" value="0x000007"/>
                    <Register address="6" value="0x000006"/>
                    <Register address="4" value="0x000004"/>
                    <Register address="3" value="0x000003"/>
                    <Register address="2" value="0x000002"/>
                    <Register address="1" value="0x000001"/>
                    <Register address="0" value="0x000000"/>
                </DefaultRegisters>
            </fbDemodulator>
            <TxDcOffsetControllers>
                <TxDcOffsetController index="0" variant="AD9142A">
                    <spi>
                        <busClock>1000</busClock>
                        <gpioNum>32</gpioNum>
                        <phase>0</phase>
                        <polarity>1</polarity>
                        <spiCtrl>0</spiCtrl>
                        <shiftDir>0</shiftDir> 
                    </spi>
                    <!--
                    <offset_min>-32768</offset_min>
                    <offset_max>32767</offset_max>
                    -->
                    <offset_min>-2000</offset_min>
                    <offset_max>2000</offset_max>
                    <offset_center>0</offset_center>
                </TxDcOffsetController>
                <TxDcOffsetController index="1" variant="AD9142A">
                    <spi>
                        <busClock>1000</busClock>
                        <gpioNum>10</gpioNum>
                        <phase>0</phase>
                        <polarity>1</polarity>
                        <spiCtrl>1</spiCtrl>
                        <shiftDir>0</shiftDir>
                    </spi>
                    <!--
                    <offset_min>-32768</offset_min>
                    <offset_max>32767</offset_max>
                    -->
                    <offset_min>-2000</offset_min>
                    <offset_max>2000</offset_max>
                    <offset_center>0</offset_center>
                </TxDcOffsetController>
            </TxDcOffsetControllers>
            <TxModulators>
                <TxModulator index="0" variant="TRF3722">
                    <spi>
                        <busClock>488</busClock>
                        <gpioNum>34</gpioNum>
                        <phase>1</phase>
                        <polarity>0</polarity>
                        <spiCtrl>0</spiCtrl>
                        <shiftDir>1</shiftDir> <!-- 0 = MSB first, 1 = LSB first -->
                    </spi>
                </TxModulator>
                <TxModulator index="1" variant="TRF3722">
                    <spi>
                        <busClock>488</busClock>
                        <gpioNum>22</gpioNum>
                        <phase>1</phase>
                        <polarity>0</polarity>
                        <spiCtrl>1</spiCtrl>
                        <shiftDir>1</shiftDir> <!-- 0 = MSB first, 1 = LSB first -->
                    </spi>
                </TxModulator>
            </TxModulators>
        </configuration>
    </nulling>
    
    <nulling generation="*" variant="FXEE FXEF" revision="*" paId="*">
        <configurationId>0</configurationId>
        <supported>1</supported>
        <configuration>
            <average>5</average>
            <tempDelta>10</tempDelta>
            <automatic>1</automatic> 
            <treshold>80.0</treshold>
            <loSpikeOffset>9e5</loSpikeOffset>
            <searchRange>330</searchRange>
            <fbSamplingRate>153.6e6</fbSamplingRate>
            <ifOffset>153.6e6</ifOffset>
            <fbDemodulator variant="ADRF6602">
                <F_step>0.1e6</F_step>
                <F_ref>153.6e6</F_ref>
                <F_vco_min>3100e6</F_vco_min>
                <F_vco_max>4300e6</F_vco_max>
                <lo_locked_gpio_pin>4</lo_locked_gpio_pin>
                <spi>
                    <busClock>1000</busClock>
                    <gpioNum>36</gpioNum>
                    <phase>1</phase>
                    <polarity>0</polarity>
                    <spiCtrl>0</spiCtrl>
                    <shiftDir>0</shiftDir> 
                </spi>
                <NullingRegisters>
                    <Register address="5" value="0x0000E5"/>
                    <Register address="7" value="0x000007"/>
                    <Register address="6" value="0x1EFD06"/>
                    <Register address="4" value="0x1AA7A4"/>
                    <Register address="3" value="0x70000B"/>
                    <Register address="2" value="0x000002"/>
                    <Register address="1" value="0x000001"/>
                    <Register address="0" value="0x000000"/>
                </NullingRegisters>
                <DefaultRegisters>
                    <Register address="5" value="0x000095"/>
                    <Register address="7" value="0x000007"/>
                    <Register address="6" value="0x000006"/>
                    <Register address="4" value="0x000004"/>
                    <Register address="3" value="0x000003"/>
                    <Register address="2" value="0x000002"/>
                    <Register address="1" value="0x000001"/>
                    <Register address="0" value="0x000000"/>
                </DefaultRegisters>
            </fbDemodulator>
            <TxDcOffsetControllers>
                <TxDcOffsetController index="0" variant="AD9142A">
                    <spi>
                        <busClock>1000</busClock>
                        <gpioNum>32</gpioNum>
                        <phase>0</phase>
                        <polarity>1</polarity>
                        <spiCtrl>0</spiCtrl>
                        <shiftDir>0</shiftDir> 
                    </spi>
                    <!--
                    <offset_min>-32768</offset_min>
                    <offset_max>32767</offset_max>
                    -->
                    <offset_min>-2000</offset_min>
                    <offset_max>2000</offset_max>
                    <offset_center>0</offset_center>
                </TxDcOffsetController>
            </TxDcOffsetControllers>
            <TxModulators>
                <TxModulator index="0" variant="TRF3722">
                    <spi>
                        <busClock>488</busClock>
                        <gpioNum>34</gpioNum>
                        <phase>1</phase>
                        <polarity>0</polarity>
                        <spiCtrl>0</spiCtrl>
                        <shiftDir>1</shiftDir> <!-- 0 = MSB first, 1 = LSB first -->
                    </spi>
                </TxModulator>
            </TxModulators>
        </configuration>
    </nulling>

    <nulling generation="*" variant="FRGU FRII" revision="*" paId="*">
        <configurationId>0</configurationId>
        <supported>1</supported>
        <configuration>
            <average>5</average>
            <tempDelta>10</tempDelta>
            <automatic>1</automatic>
            <treshold>80.0</treshold>
            <loSpikeOffset>9e5</loSpikeOffset>
            <searchRange>330</searchRange>
            <fbSamplingRate>153.6e6</fbSamplingRate>
            <ifOffset>-153.6e6</ifOffset>
            <fbDemodulator variant="ADRF6602">
                <F_step>0.1e6</F_step>
                <F_ref>153.6e6</F_ref>
                <F_vco_min>3100e6</F_vco_min>
                <F_vco_max>4300e6</F_vco_max>
                <lo_locked_gpio_pin>4</lo_locked_gpio_pin>
                <spi>
                    <busClock>1000</busClock>
                    <gpioNum>36</gpioNum>
                    <phase>1</phase>
                    <polarity>0</polarity>
                    <spiCtrl>0</spiCtrl>
                    <shiftDir>0</shiftDir>
                </spi>
                <NullingRegisters>
                    <Register address="5" value="0x0000E5"/>
                    <Register address="7" value="0x000007"/>
                    <Register address="6" value="0x1EFD06"/>
                    <Register address="4" value="0x1AA7A4"/>
                    <Register address="3" value="0x70000B"/>
                    <Register address="2" value="0x000002"/>
                    <Register address="1" value="0x000001"/>
                    <Register address="0" value="0x000000"/>
                </NullingRegisters>
                <DefaultRegisters>
                    <Register address="5" value="0x000095"/>
                    <Register address="7" value="0x000007"/>
                    <Register address="6" value="0x000006"/>
                    <Register address="4" value="0x000004"/>
                    <Register address="3" value="0x000003"/>
                    <Register address="2" value="0x000002"/>
                    <Register address="1" value="0x000001"/>
                    <Register address="0" value="0x000000"/>
                </DefaultRegisters>
            </fbDemodulator>
            <TxDcOffsetControllers>
                <TxDcOffsetController index="0" variant="AD9142A">
                    <spi>
                        <busClock>1000</busClock>
                        <gpioNum>32</gpioNum>
                        <phase>0</phase>
                        <polarity>1</polarity>
                        <spiCtrl>0</spiCtrl>
                        <shiftDir>0</shiftDir>
                    </spi>
                    <offset_min>-2000</offset_min>
                    <offset_max>2000</offset_max>
                    <offset_center>0</offset_center>
                </TxDcOffsetController>
                <TxDcOffsetController index="1" variant="AD9142A">
                    <spi>
                        <busClock>1000</busClock>
                        <gpioNum>10</gpioNum>
                        <phase>0</phase>
                        <polarity>1</polarity>
                        <spiCtrl>1</spiCtrl>
                        <shiftDir>0</shiftDir>
                    </spi>
                    <offset_min>-2000</offset_min>
                    <offset_max>2000</offset_max>
                    <offset_center>0</offset_center>
                </TxDcOffsetController>
            </TxDcOffsetControllers>
            <TxModulators>
                <TxModulator index="0" variant="TRF3722">
                    <spi>
                        <busClock>488</busClock>
                        <gpioNum>34</gpioNum>
                        <phase>1</phase>
                        <polarity>0</polarity>
                        <spiCtrl>0</spiCtrl>
                        <shiftDir>1</shiftDir> <!-- 0 = MSB first, 1 = LSB first -->
                    </spi>
                </TxModulator>
                <TxModulator index="1" variant="TRF3722">
                    <spi>
                        <busClock>488</busClock>
                        <gpioNum>22</gpioNum>
                        <phase>1</phase>
                        <polarity>0</polarity>
                        <spiCtrl>1</spiCtrl>
                        <shiftDir>1</shiftDir> <!-- 0 = MSB first, 1 = LSB first -->
                    </spi>
                </TxModulator>
            </TxModulators>
        </configuration>
    </nulling>
    
    <nulling generation="*" variant="FRGY FHED FHFB FRBF FRNC FRBG FRCC FRBE FRCG FHGA FHDG FHEI FHEE FHFC FHHA FHIA FRHG FRHGAD1 FHEH FRAA FHFD FHEL FRGA FRGB FRMF FRIJ" revision="*" paId="*">
    	<configurationId>0</configurationId>
        <supported>0</supported>
    </nulling>
    
</configuration>
